<?xml version="1.0" encoding="UTF-8" standalone="yes"?>
<addon id="media.icons.recordlabels.white"
	   name="White recordlabel logos"
	   version="0.0.1"
	   provider-name="Martijn">
  <extension point="xbmc.media.graphics"/>
  <extension point="xbmc.addon.metadata">
    <summary lang="en">White recordlabel icon pack</summary>
    <description lang="en">White recordlabel icon that can be used by skins. Image size 161x109</description>
    <disclaimer lang="en">All credits to the makers of these images. License CC-BY-SA 3.0</disclaimer>
    <platform>all</platform>
  </extension>
</addon>