﻿<?xml version="1.0" encoding="UTF-8" standalone="yes"?>
<addon id="repository.media" name="XBMC Media Add-ons" version="0.0.1" provider-name="Martijn">
	<extension point="xbmc.addon.repository" name="XBMC Media Add-ons Repository">
		<info compressed="true">http://github.com/XBMC-Addons/repo.media.packs/raw/master/addons.xml</info>
 		<checksum>http://github.com/XBMC-Addons/repo.media.packs/raw/master/addons.xml.md5</checksum>
		<datadir zip="true">http://github.com/XBMC-Addons/repo.media.packs/raw/master/download</datadir>
		<hashes>true</hashes>
	</extension>
	<extension point="xbmc.addon.metadata">
		<platform>all</platform>
		<summary lang="en">Install graphic add-ons from the media repository</summary>
		<description lang="en">Download and install graphic add-ons from the unofficial media addons repository.</description>
		<disclaimer lang="en">FOR TESTING PURPOSES ONLY!</disclaimer>
	</extension>
</addon>
